N,itm,Date,u,v
3,3,2024-10-31 00:30:00,0.16,-0.19
4,4,2024-10-31 01:30:00,0.16,-0.19
5,5,2024-10-31 02:30:00,0.15,-0.18
6,6,2024-10-31 03:30:00,0.14,-0.16
7,7,2024-10-31 04:30:00,0.12,-0.13
8,8,2024-10-31 05:30:00,0.06,-0.07
9,9,2024-10-31 06:30:00,0.04,-0.05
10,10,2024-10-31 07:30:00,0.05,-0.06
11,11,2024-10-31 08:30:00,0.07,-0.09
12,12,2024-10-31 09:30:00,0.11,-0.13
13,13,2024-10-31 10:30:00,0.16,-0.19
14,14,2024-10-31 11:30:00,0.23,-0.26
15,15,2024-10-31 12:30:00,0.28,-0.32
16,16,2024-10-31 13:30:00,0.31,-0.33
17,17,2024-10-31 14:30:00,0.33,-0.34
18,18,2024-10-31 15:30:00,0.32,-0.32
19,19,2024-10-31 16:30:00,0.29,-0.3
20,20,2024-10-31 17:30:00,0.25,-0.25
21,21,2024-10-31 18:30:00,0.2,-0.22
22,22,2024-10-31 19:30:00,0.17,-0.19
23,23,2024-10-31 20:30:00,0.14,-0.17
24,24,2024-10-31 21:30:00,0.13,-0.16
25,25,2024-10-31 22:30:00,0.13,-0.16
26,26,2024-10-31 23:30:00,0.14,-0.16
27,27,2024-11-01 00:30:00,0.14,-0.16
28,28,2024-11-01 01:30:00,0.15,-0.17
29,29,2024-11-01 02:30:00,0.12,-0.14
30,30,2024-11-01 03:30:00,0.1,-0.12
31,31,2024-11-01 04:30:00,0.07,-0.09
32,32,2024-11-01 05:30:00,0.01,-0.03
33,33,2024-11-01 06:30:00,-0.03,0.01
34,34,2024-11-01 07:30:00,-0.04,0.03
35,35,2024-11-01 08:30:00,-0.05,0.05
36,36,2024-11-01 09:30:00,0.0,-0.02
37,37,2024-11-01 10:30:00,0.05,-0.07
38,38,2024-11-01 11:30:00,0.15,-0.17
39,39,2024-11-01 12:30:00,0.23,-0.26
40,40,2024-11-01 13:30:00,0.28,-0.31
41,41,2024-11-01 14:30:00,0.32,-0.34
42,42,2024-11-01 15:30:00,0.33,-0.34
43,43,2024-11-01 16:30:00,0.3,-0.31
44,44,2024-11-01 17:30:00,0.26,-0.27
45,45,2024-11-01 18:30:00,0.21,-0.23
46,46,2024-11-01 19:30:00,0.17,-0.2
47,47,2024-11-01 20:30:00,0.12,-0.16
48,48,2024-11-01 21:30:00,0.09,-0.14
49,49,2024-11-01 22:30:00,0.08,-0.12
50,50,2024-11-01 23:30:00,0.08,-0.12
51,51,2024-11-02 00:30:00,0.08,-0.12
52,52,2024-11-02 01:30:00,0.09,-0.12
53,53,2024-11-02 02:30:00,0.07,-0.1
54,54,2024-11-02 03:30:00,0.05,-0.08
55,55,2024-11-02 04:30:00,0.02,-0.05
56,56,2024-11-02 05:30:00,-0.03,0.01
57,57,2024-11-02 06:30:00,-0.07,0.06
58,58,2024-11-02 07:30:00,-0.09,0.09
59,59,2024-11-02 08:30:00,-0.09,0.09
60,60,2024-11-02 09:30:00,-0.06,0.07
61,61,2024-11-02 10:30:00,-0.01,0.02
62,62,2024-11-02 11:30:00,0.08,-0.09
63,63,2024-11-02 12:30:00,0.17,-0.19
64,64,2024-11-02 13:30:00,0.25,-0.29
65,65,2024-11-02 14:30:00,0.3,-0.33
66,66,2024-11-02 15:30:00,0.33,-0.34
67,67,2024-11-02 16:30:00,0.33,-0.33
68,68,2024-11-02 17:30:00,0.31,-0.31
69,69,2024-11-02 18:30:00,0.26,-0.26
70,70,2024-11-02 19:30:00,0.22,-0.23
71,71,2024-11-02 20:30:00,0.17,-0.18
72,72,2024-11-02 21:30:00,0.13,-0.15
73,73,2024-11-02 22:30:00,0.09,-0.12
74,74,2024-11-02 23:30:00,0.07,-0.1
75,75,2024-11-03 00:30:00,0.05,-0.08
76,76,2024-11-03 01:30:00,0.02,-0.05
77,77,2024-11-03 02:30:00,-0.03,0.02
78,78,2024-11-03 03:30:00,-0.03,0.01
79,79,2024-11-03 04:30:00,-0.08,0.08
80,80,2024-11-03 05:30:00,-0.17,0.2
81,81,2024-11-03 06:30:00,-0.21,0.26
82,82,2024-11-03 07:30:00,-0.2,0.24
83,83,2024-11-03 08:30:00,-0.23,0.3
84,84,2024-11-03 09:30:00,-0.2,0.27
85,85,2024-11-03 10:30:00,-0.17,0.26
86,86,2024-11-03 11:30:00,-0.06,0.12
87,87,2024-11-03 12:30:00,0.06,-0.01
88,88,2024-11-03 13:30:00,0.17,-0.14
89,89,2024-11-03 14:30:00,0.28,-0.29
90,90,2024-11-03 15:30:00,0.35,-0.38
91,91,2024-11-03 16:30:00,0.37,-0.38
92,92,2024-11-03 17:30:00,0.36,-0.36
93,93,2024-11-03 18:30:00,0.31,-0.31
94,94,2024-11-03 19:30:00,0.27,-0.28
95,95,2024-11-03 20:30:00,0.22,-0.23
96,96,2024-11-03 21:30:00,0.16,-0.18
97,97,2024-11-03 22:30:00,0.11,-0.13
98,98,2024-11-03 23:30:00,0.08,-0.1
99,99,2024-11-04 00:30:00,0.05,-0.07
100,100,2024-11-04 01:30:00,0.02,-0.02
101,101,2024-11-04 02:30:00,-0.04,0.04
102,102,2024-11-04 03:30:00,-0.08,0.09
103,103,2024-11-04 04:30:00,-0.12,0.15
104,104,2024-11-04 05:30:00,-0.17,0.21
105,105,2024-11-04 06:30:00,-0.2,0.26
106,106,2024-11-04 07:30:00,-0.23,0.3
107,107,2024-11-04 08:30:00,-0.24,0.32
108,108,2024-11-04 09:30:00,-0.21,0.29
109,109,2024-11-04 10:30:00,-0.15,0.25
110,110,2024-11-04 11:30:00,-0.06,0.14
111,111,2024-11-04 12:30:00,0.07,-0.01
112,112,2024-11-04 13:30:00,0.21,-0.19
113,113,2024-11-04 14:30:00,0.32,-0.35
114,114,2024-11-04 15:30:00,0.4,-0.43
115,115,2024-11-04 16:30:00,0.43,-0.44
116,116,2024-11-04 17:30:00,0.43,-0.43
117,117,2024-11-04 18:30:00,0.38,-0.38
118,118,2024-11-04 19:30:00,0.33,-0.33
119,119,2024-11-04 20:30:00,0.28,-0.3
120,120,2024-11-04 21:30:00,0.21,-0.24
121,121,2024-11-04 22:30:00,0.17,-0.19
122,122,2024-11-04 23:30:00,0.13,-0.15
123,123,2024-11-05 00:30:00,0.1,-0.13
124,124,2024-11-05 01:30:00,0.07,-0.11
125,125,2024-11-05 02:30:00,0.05,-0.08
126,126,2024-11-05 03:30:00,0.01,-0.04
127,127,2024-11-05 04:30:00,-0.04,0.01
128,128,2024-11-05 05:30:00,-0.1,0.09
129,129,2024-11-05 06:30:00,-0.15,0.15
130,130,2024-11-05 07:30:00,-0.19,0.21
131,131,2024-11-05 08:30:00,-0.23,0.27
132,132,2024-11-05 09:30:00,-0.23,0.28
133,133,2024-11-05 10:30:00,-0.21,0.27
134,134,2024-11-05 11:30:00,-0.15,0.2
135,135,2024-11-05 12:30:00,-0.07,0.12
136,136,2024-11-05 13:30:00,0.04,-0.01
137,137,2024-11-05 14:30:00,0.18,-0.18
138,138,2024-11-05 15:30:00,0.28,-0.32
139,139,2024-11-05 16:30:00,0.35,-0.39
140,140,2024-11-05 17:30:00,0.38,-0.4
141,141,2024-11-05 18:30:00,0.38,-0.38
142,142,2024-11-05 19:30:00,0.36,-0.37
143,143,2024-11-05 20:30:00,0.31,-0.32
144,144,2024-11-05 21:30:00,0.26,-0.27
145,145,2024-11-05 22:30:00,0.22,-0.24
146,146,2024-11-05 23:30:00,0.18,-0.21
147,147,2024-11-06 00:30:00,0.16,-0.19
148,148,2024-11-06 01:30:00,0.14,-0.17
149,149,2024-11-06 02:30:00,0.13,-0.16
150,150,2024-11-06 03:30:00,0.08,-0.09
151,151,2024-11-06 04:30:00,0.05,-0.07
152,152,2024-11-06 05:30:00,0.02,-0.06
153,153,2024-11-06 06:30:00,-0.03,0.0
154,154,2024-11-06 07:30:00,-0.11,0.12
155,155,2024-11-06 08:30:00,-0.15,0.17
156,156,2024-11-06 09:30:00,-0.18,0.22
157,157,2024-11-06 10:30:00,-0.19,0.23
158,158,2024-11-06 11:30:00,-0.17,0.21
159,159,2024-11-06 12:30:00,-0.12,0.16
160,160,2024-11-06 13:30:00,-0.03,0.05
161,161,2024-11-06 14:30:00,0.08,-0.07
162,162,2024-11-06 15:30:00,0.18,-0.19
163,163,2024-11-06 16:30:00,0.27,-0.31
164,164,2024-11-06 17:30:00,0.35,-0.39
165,165,2024-11-06 18:30:00,0.39,-0.4
166,166,2024-11-06 19:30:00,0.39,-0.39
167,167,2024-11-06 20:30:00,0.38,-0.37
168,168,2024-11-06 21:30:00,0.35,-0.35
169,169,2024-11-06 22:30:00,0.31,-0.32
170,170,2024-11-06 23:30:00,0.26,-0.27
171,171,2024-11-07 00:30:00,0.22,-0.23
172,172,2024-11-07 01:30:00,0.19,-0.21
173,173,2024-11-07 02:30:00,0.14,-0.16
174,174,2024-11-07 03:30:00,0.07,-0.08
175,175,2024-11-07 04:30:00,0.0,-0.01
176,176,2024-11-07 05:30:00,-0.04,0.03
177,177,2024-11-07 06:30:00,-0.11,0.12
178,178,2024-11-07 07:30:00,-0.2,0.25
179,179,2024-11-07 08:30:00,-0.26,0.33
180,180,2024-11-07 09:30:00,-0.3,0.37
181,181,2024-11-07 10:30:00,-0.3,0.38
182,182,2024-11-07 11:30:00,-0.26,0.36
183,183,2024-11-07 12:30:00,-0.21,0.33
184,184,2024-11-07 13:30:00,-0.16,0.27
185,185,2024-11-07 14:30:00,-0.09,0.17
186,186,2024-11-07 15:30:00,-0.01,0.08
187,187,2024-11-07 16:30:00,0.08,-0.03
188,188,2024-11-07 17:30:00,0.18,-0.16
189,189,2024-11-07 18:30:00,0.24,-0.25
190,190,2024-11-07 19:30:00,0.32,-0.33
191,191,2024-11-07 20:30:00,0.35,-0.35
192,192,2024-11-07 21:30:00,0.35,-0.34
193,193,2024-11-07 22:30:00,0.34,-0.32
194,194,2024-11-07 23:30:00,0.3,-0.3
195,195,2024-11-08 00:30:00,0.26,-0.26
196,196,2024-11-08 01:30:00,0.22,-0.24
197,197,2024-11-08 02:30:00,0.19,-0.22
198,198,2024-11-08 03:30:00,0.16,-0.2
199,199,2024-11-08 04:30:00,0.11,-0.15
200,200,2024-11-08 05:30:00,0.08,-0.12
201,201,2024-11-08 06:30:00,0.04,-0.08
202,202,2024-11-08 07:30:00,-0.01,-0.03
203,203,2024-11-08 08:30:00,-0.05,0.02
204,204,2024-11-08 09:30:00,-0.1,0.1
205,205,2024-11-08 10:30:00,-0.15,0.16
206,206,2024-11-08 11:30:00,-0.16,0.18
207,207,2024-11-08 12:30:00,-0.15,0.19
208,208,2024-11-08 13:30:00,-0.12,0.17
209,209,2024-11-08 14:30:00,-0.06,0.11
210,210,2024-11-08 15:30:00,0.02,0.02
211,211,2024-11-08 16:30:00,0.12,-0.09
212,212,2024-11-08 17:30:00,0.21,-0.23
213,213,2024-11-08 18:30:00,0.28,-0.31
214,214,2024-11-08 19:30:00,0.32,-0.36
215,215,2024-11-08 20:30:00,0.35,-0.36
216,216,2024-11-08 21:30:00,0.36,-0.36
217,217,2024-11-08 22:30:00,0.34,-0.33
218,218,2024-11-08 23:30:00,0.31,-0.32
219,219,2024-11-09 00:30:00,0.28,-0.29
220,220,2024-11-09 01:30:00,0.25,-0.26
221,221,2024-11-09 02:30:00,0.22,-0.23
222,222,2024-11-09 03:30:00,0.18,-0.2
223,223,2024-11-09 04:30:00,0.16,-0.17
224,224,2024-11-09 05:30:00,0.13,-0.15
225,225,2024-11-09 06:30:00,0.11,-0.12
226,226,2024-11-09 07:30:00,0.06,-0.07
227,227,2024-11-09 08:30:00,0.02,-0.03
228,228,2024-11-09 09:30:00,-0.01,0.01
229,229,2024-11-09 10:30:00,-0.07,0.07
230,230,2024-11-09 11:30:00,-0.11,0.12
231,231,2024-11-09 12:30:00,-0.14,0.16
232,232,2024-11-09 13:30:00,-0.14,0.17
233,233,2024-11-09 14:30:00,-0.12,0.15
234,234,2024-11-09 15:30:00,-0.09,0.12
235,235,2024-11-09 16:30:00,-0.04,0.07
236,236,2024-11-09 17:30:00,0.04,-0.03
237,237,2024-11-09 18:30:00,0.12,-0.12
238,238,2024-11-09 19:30:00,0.2,-0.21
239,239,2024-11-09 20:30:00,0.25,-0.27
240,240,2024-11-09 21:30:00,0.28,-0.31
241,241,2024-11-09 22:30:00,0.29,-0.31
242,242,2024-11-09 23:30:00,0.28,-0.29
243,243,2024-11-10 00:30:00,0.26,-0.26
244,244,2024-11-10 01:30:00,0.24,-0.25
245,245,2024-11-10 02:30:00,0.22,-0.23
246,246,2024-11-10 03:30:00,0.21,-0.22
247,247,2024-11-10 04:30:00,0.19,-0.2
248,248,2024-11-10 05:30:00,0.17,-0.19
249,249,2024-11-10 06:30:00,0.15,-0.18
250,250,2024-11-10 07:30:00,0.15,-0.18
251,251,2024-11-10 08:30:00,0.13,-0.16
252,252,2024-11-10 09:30:00,0.13,-0.16
253,253,2024-11-10 10:30:00,0.11,-0.13
254,254,2024-11-10 11:30:00,0.09,-0.11
255,255,2024-11-10 12:30:00,0.08,-0.09
256,256,2024-11-10 13:30:00,0.06,-0.07
257,257,2024-11-10 14:30:00,0.06,-0.07
258,258,2024-11-10 15:30:00,0.08,-0.1
259,259,2024-11-10 16:30:00,0.1,-0.12
260,260,2024-11-10 17:30:00,0.15,-0.18
261,261,2024-11-10 18:30:00,0.18,-0.22
262,262,2024-11-10 19:30:00,0.24,-0.28
263,263,2024-11-10 20:30:00,0.3,-0.33
264,264,2024-11-10 21:30:00,0.34,-0.36
265,265,2024-11-10 22:30:00,0.35,-0.37
266,266,2024-11-10 23:30:00,0.34,-0.36
267,267,2024-11-11 00:30:00,0.31,-0.33
268,268,2024-11-11 01:30:00,0.29,-0.3
269,269,2024-11-11 02:30:00,0.25,-0.25
270,270,2024-11-11 03:30:00,0.22,-0.23
271,271,2024-11-11 04:30:00,0.22,-0.23
272,272,2024-11-11 05:30:00,0.2,-0.19
273,273,2024-11-11 06:30:00,0.19,-0.2
274,274,2024-11-11 07:30:00,0.22,-0.23
275,275,2024-11-11 08:30:00,0.21,-0.22
276,276,2024-11-11 09:30:00,0.21,-0.22
277,277,2024-11-11 10:30:00,0.2,-0.21
278,278,2024-11-11 11:30:00,0.19,-0.2
279,279,2024-11-11 12:30:00,0.18,-0.19
280,280,2024-11-11 13:30:00,0.14,-0.14
281,281,2024-11-11 14:30:00,0.11,-0.12
282,282,2024-11-11 15:30:00,0.11,-0.11
283,283,2024-11-11 16:30:00,0.1,-0.1
284,284,2024-11-11 17:30:00,0.1,-0.1
285,285,2024-11-11 18:30:00,0.11,-0.12
286,286,2024-11-11 19:30:00,0.14,-0.16
287,287,2024-11-11 20:30:00,0.17,-0.19
288,288,2024-11-11 21:30:00,0.2,-0.22
289,289,2024-11-11 22:30:00,0.22,-0.24
290,290,2024-11-11 23:30:00,0.24,-0.26
291,291,2024-11-12 00:30:00,0.23,-0.24
292,292,2024-11-12 01:30:00,0.22,-0.23
293,293,2024-11-12 02:30:00,0.19,-0.2
294,294,2024-11-12 03:30:00,0.17,-0.19
295,295,2024-11-12 04:30:00,0.17,-0.18
296,296,2024-11-12 05:30:00,0.15,-0.15
297,297,2024-11-12 06:30:00,0.16,-0.17
298,298,2024-11-12 07:30:00,0.2,-0.22
299,299,2024-11-12 08:30:00,0.24,-0.26
300,300,2024-11-12 09:30:00,0.27,-0.28
301,301,2024-11-12 10:30:00,0.29,-0.3
302,302,2024-11-12 11:30:00,0.31,-0.32
303,303,2024-11-12 12:30:00,0.31,-0.32
304,304,2024-11-12 13:30:00,0.28,-0.29
305,305,2024-11-12 14:30:00,0.26,-0.26
306,306,2024-11-12 15:30:00,0.23,-0.23
307,307,2024-11-12 16:30:00,0.2,-0.21
308,308,2024-11-12 17:30:00,0.19,-0.2
309,309,2024-11-12 18:30:00,0.16,-0.17
310,310,2024-11-12 19:30:00,0.17,-0.19
311,311,2024-11-12 20:30:00,0.17,-0.19
312,312,2024-11-12 21:30:00,0.19,-0.22
313,313,2024-11-12 22:30:00,0.18,-0.21
314,314,2024-11-12 23:30:00,0.18,-0.21
315,315,2024-11-13 00:30:00,0.17,-0.19
316,316,2024-11-13 01:30:00,0.14,-0.17
317,317,2024-11-13 02:30:00,0.1,-0.12
318,318,2024-11-13 03:30:00,0.05,-0.07
319,319,2024-11-13 04:30:00,0.02,-0.03
320,320,2024-11-13 05:30:00,0.01,-0.02
321,321,2024-11-13 06:30:00,0.03,-0.04
322,322,2024-11-13 07:30:00,0.05,-0.06
323,323,2024-11-13 08:30:00,0.1,-0.12
324,324,2024-11-13 09:30:00,0.17,-0.2
325,325,2024-11-13 10:30:00,0.21,-0.25
326,326,2024-11-13 11:30:00,0.27,-0.3
327,327,2024-11-13 12:30:00,0.28,-0.3
328,328,2024-11-13 13:30:00,0.29,-0.29
329,329,2024-11-13 14:30:00,0.28,-0.28
330,330,2024-11-13 15:30:00,0.25,-0.24
331,331,2024-11-13 16:30:00,0.2,-0.19
332,332,2024-11-13 17:30:00,0.18,-0.18
333,333,2024-11-13 18:30:00,0.16,-0.16
334,334,2024-11-13 19:30:00,0.14,-0.15
335,335,2024-11-13 20:30:00,0.12,-0.13
336,336,2024-11-13 21:30:00,0.12,-0.14
337,337,2024-11-13 22:30:00,0.11,-0.14
338,338,2024-11-13 23:30:00,0.11,-0.14
339,339,2024-11-14 00:30:00,0.09,-0.11
340,340,2024-11-14 01:30:00,0.05,-0.08
341,341,2024-11-14 02:30:00,0.01,-0.04
342,342,2024-11-14 03:30:00,-0.03,-0.0
343,343,2024-11-14 04:30:00,-0.08,0.07
344,344,2024-11-14 05:30:00,-0.1,0.1
345,345,2024-11-14 06:30:00,-0.09,0.1
346,346,2024-11-14 07:30:00,-0.06,0.07
347,347,2024-11-14 08:30:00,0.02,-0.01
348,348,2024-11-14 09:30:00,0.1,-0.1
349,349,2024-11-14 10:30:00,0.2,-0.21
350,350,2024-11-14 11:30:00,0.28,-0.31
351,351,2024-11-14 12:30:00,0.33,-0.36
352,352,2024-11-14 13:30:00,0.35,-0.37
353,353,2024-11-14 14:30:00,0.34,-0.34
354,354,2024-11-14 15:30:00,0.31,-0.31
355,355,2024-11-14 16:30:00,0.26,-0.26
356,356,2024-11-14 17:30:00,0.22,-0.22
357,357,2024-11-14 18:30:00,0.17,-0.17
358,358,2024-11-14 19:30:00,0.15,-0.15
359,359,2024-11-14 20:30:00,0.13,-0.13
360,360,2024-11-14 21:30:00,0.12,-0.14
361,361,2024-11-14 22:30:00,0.12,-0.13
362,362,2024-11-14 23:30:00,0.13,-0.15
363,363,2024-11-15 00:30:00,0.12,-0.15
364,364,2024-11-15 01:30:00,0.09,-0.13
365,365,2024-11-15 02:30:00,0.05,-0.08
366,366,2024-11-15 03:30:00,-0.01,-0.03
367,367,2024-11-15 04:30:00,-0.08,0.06
368,368,2024-11-15 05:30:00,-0.12,0.12
369,369,2024-11-15 06:30:00,-0.13,0.14
370,370,2024-11-15 07:30:00,-0.11,0.13
371,371,2024-11-15 08:30:00,-0.07,0.08
372,372,2024-11-15 09:30:00,0.01,-0.0
373,373,2024-11-15 10:30:00,0.13,-0.14
374,374,2024-11-15 11:30:00,0.24,-0.27
375,375,2024-11-15 12:30:00,0.32,-0.35
376,376,2024-11-15 13:30:00,0.4,-0.38
377,377,2024-11-15 14:30:00,0.44,-0.41
378,378,2024-11-15 15:30:00,0.41,-0.41
379,379,2024-11-15 16:30:00,0.34,-0.36
380,380,2024-11-15 17:30:00,0.29,-0.29
381,381,2024-11-15 18:30:00,0.23,-0.23
382,382,2024-11-15 19:30:00,0.18,-0.18
383,383,2024-11-15 20:30:00,0.14,-0.14
384,384,2024-11-15 21:30:00,0.12,-0.11
385,385,2024-11-15 22:30:00,0.09,-0.09
386,386,2024-11-15 23:30:00,0.09,-0.1
387,387,2024-11-16 00:30:00,0.05,-0.07
388,388,2024-11-16 01:30:00,0.01,-0.03
389,389,2024-11-16 02:30:00,-0.03,0.02
390,390,2024-11-16 03:30:00,-0.12,0.12
391,391,2024-11-16 04:30:00,-0.19,0.19
392,392,2024-11-16 05:30:00,-0.25,0.25
393,393,2024-11-16 06:30:00,-0.27,0.3
394,394,2024-11-16 07:30:00,-0.27,0.33
395,395,2024-11-16 08:30:00,-0.24,0.3
396,396,2024-11-16 09:30:00,-0.17,0.24
397,397,2024-11-16 10:30:00,-0.06,0.13
398,398,2024-11-16 11:30:00,0.09,-0.04
399,399,2024-11-16 12:30:00,0.23,-0.23
400,400,2024-11-16 13:30:00,0.33,-0.37
401,401,2024-11-16 14:30:00,0.4,-0.43
402,402,2024-11-16 15:30:00,0.41,-0.42
403,403,2024-11-16 16:30:00,0.39,-0.39
404,404,2024-11-16 17:30:00,0.35,-0.35
405,405,2024-11-16 18:30:00,0.29,-0.3
406,406,2024-11-16 19:30:00,0.25,-0.27
407,407,2024-11-16 20:30:00,0.23,-0.25
408,408,2024-11-16 21:30:00,0.2,-0.22
409,409,2024-11-16 22:30:00,0.17,-0.2
410,410,2024-11-16 23:30:00,0.16,-0.18
411,411,2024-11-17 00:30:00,0.13,-0.16
412,412,2024-11-17 01:30:00,0.11,-0.13
413,413,2024-11-17 02:30:00,0.08,-0.07
414,414,2024-11-17 03:30:00,0.04,0.0
415,415,2024-11-17 04:30:00,-0.01,0.06
416,416,2024-11-17 05:30:00,-0.06,0.12
417,417,2024-11-17 06:30:00,-0.11,0.18
418,418,2024-11-17 07:30:00,-0.16,0.23
419,419,2024-11-17 08:30:00,-0.18,0.22
420,420,2024-11-17 09:30:00,-0.15,0.16
421,421,2024-11-17 10:30:00,-0.09,0.07
422,422,2024-11-17 11:30:00,0.04,-0.03
423,423,2024-11-17 12:30:00,0.18,-0.2
424,424,2024-11-17 13:30:00,0.3,-0.34
425,425,2024-11-17 14:30:00,0.4,-0.43
426,426,2024-11-17 15:30:00,0.44,-0.45
427,427,2024-11-17 16:30:00,0.44,-0.43
428,428,2024-11-17 17:30:00,0.41,-0.42
429,429,2024-11-17 18:30:00,0.35,-0.37
430,430,2024-11-17 19:30:00,0.3,-0.31
431,431,2024-11-17 20:30:00,0.25,-0.26
432,432,2024-11-17 21:30:00,0.21,-0.23
433,433,2024-11-17 22:30:00,0.19,-0.21
434,434,2024-11-17 23:30:00,0.17,-0.19
435,435,2024-11-18 00:30:00,0.15,-0.18
436,436,2024-11-18 01:30:00,0.14,-0.17
437,437,2024-11-18 02:30:00,0.11,-0.14
438,438,2024-11-18 03:30:00,0.05,-0.08
439,439,2024-11-18 04:30:00,-0.03,0.01
440,440,2024-11-18 05:30:00,-0.12,0.1
441,441,2024-11-18 06:30:00,-0.19,0.2
442,442,2024-11-18 07:30:00,-0.25,0.29
443,443,2024-11-18 08:30:00,-0.27,0.33
444,444,2024-11-18 09:30:00,-0.26,0.33
445,445,2024-11-18 10:30:00,-0.22,0.29
446,446,2024-11-18 11:30:00,-0.14,0.2
447,447,2024-11-18 12:30:00,-0.02,0.08
448,448,2024-11-18 13:30:00,0.12,-0.09
449,449,2024-11-18 14:30:00,0.27,-0.28
450,450,2024-11-18 15:30:00,0.37,-0.4
451,451,2024-11-18 16:30:00,0.42,-0.44
452,452,2024-11-18 17:30:00,0.44,-0.44
453,453,2024-11-18 18:30:00,0.41,-0.41
454,454,2024-11-18 19:30:00,0.37,-0.38
455,455,2024-11-18 20:30:00,0.32,-0.33
456,456,2024-11-18 21:30:00,0.28,-0.3
457,457,2024-11-18 22:30:00,0.24,-0.26
458,458,2024-11-18 23:30:00,0.2,-0.23
459,459,2024-11-19 00:30:00,0.17,-0.2
460,460,2024-11-19 01:30:00,0.15,-0.18
461,461,2024-11-19 02:30:00,0.11,-0.14
462,462,2024-11-19 03:30:00,0.05,-0.06
463,463,2024-11-19 04:30:00,-0.01,0.0
464,464,2024-11-19 05:30:00,-0.06,0.05
465,465,2024-11-19 06:30:00,-0.14,0.14
466,466,2024-11-19 07:30:00,-0.23,0.27
467,467,2024-11-19 08:30:00,-0.28,0.34
468,468,2024-11-19 09:30:00,-0.29,0.36
469,469,2024-11-19 10:30:00,-0.26,0.34
470,470,2024-11-19 11:30:00,-0.22,0.31
471,471,2024-11-19 12:30:00,-0.14,0.22
472,472,2024-11-19 13:30:00,-0.02,0.08
473,473,2024-11-19 14:30:00,0.14,-0.1
474,474,2024-11-19 15:30:00,0.26,-0.26
475,475,2024-11-19 16:30:00,0.35,-0.38
476,476,2024-11-19 17:30:00,0.4,-0.43
477,477,2024-11-19 18:30:00,0.4,-0.41
478,478,2024-11-19 19:30:00,0.38,-0.38
479,479,2024-11-19 20:30:00,0.34,-0.34
480,480,2024-11-19 21:30:00,0.29,-0.3
481,481,2024-11-19 22:30:00,0.25,-0.28
482,482,2024-11-19 23:30:00,0.22,-0.24
483,483,2024-11-20 00:30:00,0.19,-0.21
484,484,2024-11-20 01:30:00,0.16,-0.2
485,485,2024-11-20 02:30:00,0.15,-0.19
486,486,2024-11-20 03:30:00,0.12,-0.15
487,487,2024-11-20 04:30:00,0.08,-0.12
488,488,2024-11-20 05:30:00,0.04,-0.08
489,489,2024-11-20 06:30:00,-0.03,-0.0
490,490,2024-11-20 07:30:00,-0.1,0.09
491,491,2024-11-20 08:30:00,-0.17,0.18
492,492,2024-11-20 09:30:00,-0.21,0.24
493,493,2024-11-20 10:30:00,-0.23,0.27
494,494,2024-11-20 11:30:00,-0.22,0.27
495,495,2024-11-20 12:30:00,-0.17,0.22
496,496,2024-11-20 13:30:00,-0.1,0.14
497,497,2024-11-20 14:30:00,0.02,0.01
498,498,2024-11-20 15:30:00,0.14,-0.13
499,499,2024-11-20 16:30:00,0.25,-0.27
500,500,2024-11-20 17:30:00,0.33,-0.36
501,501,2024-11-20 18:30:00,0.37,-0.39
502,502,2024-11-20 19:30:00,0.38,-0.38
503,503,2024-11-20 20:30:00,0.36,-0.36
504,504,2024-11-20 21:30:00,0.33,-0.33
505,505,2024-11-20 22:30:00,0.29,-0.3
506,506,2024-11-20 23:30:00,0.26,-0.27
507,507,2024-11-21 00:30:00,0.22,-0.23
508,508,2024-11-21 01:30:00,0.19,-0.21
509,509,2024-11-21 02:30:00,0.17,-0.19
510,510,2024-11-21 03:30:00,0.16,-0.19
511,511,2024-11-21 04:30:00,0.13,-0.16
512,512,2024-11-21 05:30:00,0.06,-0.06
513,513,2024-11-21 06:30:00,-0.0,-0.0
514,514,2024-11-21 07:30:00,-0.02,0.0
515,515,2024-11-21 08:30:00,-0.09,0.09
516,516,2024-11-21 09:30:00,-0.15,0.18
517,517,2024-11-21 10:30:00,-0.2,0.24
518,518,2024-11-21 11:30:00,-0.19,0.23
519,519,2024-11-21 12:30:00,-0.16,0.21
520,520,2024-11-21 13:30:00,-0.13,0.17
521,521,2024-11-21 14:30:00,-0.06,0.1
522,522,2024-11-21 15:30:00,0.05,-0.03
523,523,2024-11-21 16:30:00,0.16,-0.16
524,524,2024-11-21 17:30:00,0.24,-0.26
525,525,2024-11-21 18:30:00,0.29,-0.32
526,526,2024-11-21 19:30:00,0.33,-0.35
527,527,2024-11-21 20:30:00,0.34,-0.34
528,528,2024-11-21 21:30:00,0.32,-0.31
529,529,2024-11-21 22:30:00,0.28,-0.27
530,530,2024-11-21 23:30:00,0.25,-0.26
531,531,2024-11-22 00:30:00,0.22,-0.23
532,532,2024-11-22 01:30:00,0.2,-0.21
533,533,2024-11-22 02:30:00,0.17,-0.18
534,534,2024-11-22 03:30:00,0.15,-0.16
535,535,2024-11-22 04:30:00,0.14,-0.15
536,536,2024-11-22 05:30:00,0.11,-0.12
537,537,2024-11-22 06:30:00,0.07,-0.08
538,538,2024-11-22 07:30:00,0.04,-0.06
539,539,2024-11-22 08:30:00,-0.01,0.0
540,540,2024-11-22 09:30:00,-0.05,0.05
541,541,2024-11-22 10:30:00,-0.11,0.12
542,542,2024-11-22 11:30:00,-0.13,0.15
543,543,2024-11-22 12:30:00,-0.14,0.16
544,544,2024-11-22 13:30:00,-0.11,0.13
545,545,2024-11-22 14:30:00,-0.07,0.09
546,546,2024-11-22 15:30:00,-0.02,0.03
547,547,2024-11-22 16:30:00,0.05,-0.05
548,548,2024-11-22 17:30:00,0.13,-0.15
549,549,2024-11-22 18:30:00,0.19,-0.23
550,550,2024-11-22 19:30:00,0.24,-0.28
551,551,2024-11-22 20:30:00,0.26,-0.28
552,552,2024-11-22 21:30:00,0.28,-0.28
553,553,2024-11-22 22:30:00,0.27,-0.26
554,554,2024-11-22 23:30:00,0.25,-0.24
555,555,2024-11-23 00:30:00,0.22,-0.22
556,556,2024-11-23 01:30:00,0.19,-0.2
557,557,2024-11-23 02:30:00,0.16,-0.17
558,558,2024-11-23 03:30:00,0.14,-0.15
559,559,2024-11-23 04:30:00,0.12,-0.14
560,560,2024-11-23 05:30:00,0.12,-0.15
561,561,2024-11-23 06:30:00,0.12,-0.16
562,562,2024-11-23 07:30:00,0.1,-0.14
563,563,2024-11-23 08:30:00,0.08,-0.12
564,564,2024-11-23 09:30:00,0.07,-0.12
565,565,2024-11-23 10:30:00,0.03,-0.07
566,566,2024-11-23 11:30:00,0.02,-0.07
567,567,2024-11-23 12:30:00,-0.0,-0.04
568,568,2024-11-23 13:30:00,0.0,-0.05
569,569,2024-11-23 14:30:00,0.02,-0.07
570,570,2024-11-23 15:30:00,0.06,-0.12
571,571,2024-11-23 16:30:00,0.11,-0.16
572,572,2024-11-23 17:30:00,0.16,-0.22
573,573,2024-11-23 18:30:00,0.21,-0.27
574,574,2024-11-23 19:30:00,0.27,-0.31
575,575,2024-11-23 20:30:00,0.3,-0.31
576,576,2024-11-23 21:30:00,0.32,-0.33
577,577,2024-11-23 22:30:00,0.31,-0.32
578,578,2024-11-23 23:30:00,0.29,-0.3
579,579,2024-11-24 00:30:00,0.28,-0.28
580,580,2024-11-24 01:30:00,0.26,-0.27
581,581,2024-11-24 02:30:00,0.23,-0.24
582,582,2024-11-24 03:30:00,0.21,-0.23
583,583,2024-11-24 04:30:00,0.2,-0.23
584,584,2024-11-24 05:30:00,0.2,-0.26
585,585,2024-11-24 06:30:00,0.21,-0.28
586,586,2024-11-24 07:30:00,0.2,-0.27
587,587,2024-11-24 08:30:00,0.18,-0.24
588,588,2024-11-24 09:30:00,0.17,-0.24
589,589,2024-11-24 10:30:00,0.14,-0.21
590,590,2024-11-24 11:30:00,0.12,-0.2
591,591,2024-11-24 12:30:00,0.09,-0.17
592,592,2024-11-24 13:30:00,0.07,-0.13
593,593,2024-11-24 14:30:00,0.07,-0.1
594,594,2024-11-24 15:30:00,0.07,-0.09
595,595,2024-11-24 16:30:00,0.08,-0.09
596,596,2024-11-24 17:30:00,0.12,-0.12
597,597,2024-11-24 18:30:00,0.13,-0.12
598,598,2024-11-24 19:30:00,0.15,-0.15
599,599,2024-11-24 20:30:00,0.17,-0.17
600,600,2024-11-24 21:30:00,0.19,-0.21
601,601,2024-11-24 22:30:00,0.19,-0.22
602,602,2024-11-24 23:30:00,0.18,-0.18
603,603,2024-11-25 00:30:00,0.16,-0.12
604,604,2024-11-25 01:30:00,0.15,-0.07
605,605,2024-11-25 02:30:00,0.12,-0.03
606,606,2024-11-25 03:30:00,0.09,-0.03
607,607,2024-11-25 04:30:00,0.05,-0.0
608,608,2024-11-25 05:30:00,0.04,0.01
609,609,2024-11-25 06:30:00,0.04,-0.0
610,610,2024-11-25 07:30:00,0.04,-0.02
611,611,2024-11-25 08:30:00,0.05,-0.03
612,612,2024-11-25 09:30:00,0.07,-0.06
613,613,2024-11-25 10:30:00,0.09,-0.07
614,614,2024-11-25 11:30:00,0.1,-0.09
615,615,2024-11-25 12:30:00,0.1,-0.09
616,616,2024-11-25 13:30:00,0.1,-0.1
617,617,2024-11-25 14:30:00,0.1,-0.11
618,618,2024-11-25 15:30:00,0.11,-0.12
619,619,2024-11-25 16:30:00,0.11,-0.11
620,620,2024-11-25 17:30:00,0.13,-0.12
621,621,2024-11-25 18:30:00,0.14,-0.13
622,622,2024-11-25 19:30:00,0.16,-0.15
623,623,2024-11-25 20:30:00,0.17,-0.16
624,624,2024-11-25 21:30:00,0.19,-0.17
625,625,2024-11-25 22:30:00,0.18,-0.17
626,626,2024-11-25 23:30:00,0.17,-0.16
627,627,2024-11-26 00:30:00,0.15,-0.13
628,628,2024-11-26 01:30:00,0.11,-0.08
629,629,2024-11-26 02:30:00,0.09,-0.05
630,630,2024-11-26 03:30:00,0.04,0.01
631,631,2024-11-26 04:30:00,-0.0,0.05
632,632,2024-11-26 05:30:00,-0.01,0.04
633,633,2024-11-26 06:30:00,-0.03,0.03
634,634,2024-11-26 07:30:00,-0.04,0.01
635,635,2024-11-26 08:30:00,-0.03,-0.01
636,636,2024-11-26 09:30:00,-0.02,-0.0
637,637,2024-11-26 10:30:00,0.01,-0.04
638,638,2024-11-26 11:30:00,0.05,-0.11
639,639,2024-11-26 12:30:00,0.06,-0.15
640,640,2024-11-26 13:30:00,0.07,-0.18
641,641,2024-11-26 14:30:00,0.06,-0.17
642,642,2024-11-26 15:30:00,0.03,-0.17
643,643,2024-11-26 16:30:00,0.01,-0.18
644,644,2024-11-26 17:30:00,-0.02,-0.18
645,645,2024-11-26 18:30:00,-0.04,-0.18
646,646,2024-11-26 19:30:00,-0.05,-0.2
647,647,2024-11-26 20:30:00,-0.05,-0.21
648,648,2024-11-26 21:30:00,-0.04,-0.24
649,649,2024-11-26 22:30:00,-0.04,-0.25
650,650,2024-11-26 23:30:00,-0.05,-0.24
651,651,2024-11-27 00:30:00,-0.06,-0.19
652,652,2024-11-27 01:30:00,-0.1,-0.1
653,653,2024-11-27 02:30:00,-0.13,-0.01
654,654,2024-11-27 03:30:00,-0.17,0.08
655,655,2024-11-27 04:30:00,-0.18,0.12
656,656,2024-11-27 05:30:00,-0.17,0.11
657,657,2024-11-27 06:30:00,-0.17,0.11
658,658,2024-11-27 07:30:00,-0.15,0.11
659,659,2024-11-27 08:30:00,-0.1,0.07
660,660,2024-11-27 09:30:00,-0.02,-0.0
661,661,2024-11-27 10:30:00,0.06,-0.07
662,662,2024-11-27 11:30:00,0.13,-0.16
663,663,2024-11-27 12:30:00,0.18,-0.21
664,664,2024-11-27 13:30:00,0.19,-0.23
665,665,2024-11-27 14:30:00,0.19,-0.21
666,666,2024-11-27 15:30:00,0.19,-0.16
667,667,2024-11-27 16:30:00,0.18,-0.12
668,668,2024-11-27 17:30:00,0.19,-0.13
669,669,2024-11-27 18:30:00,0.18,-0.12
670,670,2024-11-27 19:30:00,0.17,-0.13
671,671,2024-11-27 20:30:00,0.16,-0.13
672,672,2024-11-27 21:30:00,0.15,-0.17
673,673,2024-11-27 22:30:00,0.15,-0.22
674,674,2024-11-27 23:30:00,0.14,-0.2
675,675,2024-11-28 00:30:00,0.1,-0.15
676,676,2024-11-28 01:30:00,0.07,-0.13
677,677,2024-11-28 02:30:00,0.03,-0.08
678,678,2024-11-28 03:30:00,-0.06,0.02
679,679,2024-11-28 04:30:00,-0.1,0.09
680,680,2024-11-28 05:30:00,-0.12,0.1
681,681,2024-11-28 06:30:00,-0.13,0.11
682,682,2024-11-28 07:30:00,-0.14,0.13
683,683,2024-11-28 08:30:00,-0.12,0.09
684,684,2024-11-28 09:30:00,-0.05,-0.0
685,685,2024-11-28 10:30:00,0.05,-0.11
686,686,2024-11-28 11:30:00,0.13,-0.18
687,687,2024-11-28 12:30:00,0.21,-0.25
688,688,2024-11-28 13:30:00,0.27,-0.31
689,689,2024-11-28 14:30:00,0.29,-0.32
690,690,2024-11-28 15:30:00,0.28,-0.28
691,691,2024-11-28 16:30:00,0.25,-0.25
692,692,2024-11-28 17:30:00,0.23,-0.23
693,693,2024-11-28 18:30:00,0.2,-0.2
694,694,2024-11-28 19:30:00,0.17,-0.18
695,695,2024-11-28 20:30:00,0.15,-0.15
696,696,2024-11-28 21:30:00,0.13,-0.14
697,697,2024-11-28 22:30:00,0.12,-0.14
698,698,2024-11-28 23:30:00,0.1,-0.13
699,699,2024-11-29 00:30:00,0.07,-0.09
700,700,2024-11-29 01:30:00,0.03,-0.06
701,701,2024-11-29 02:30:00,-0.02,-0.0
702,702,2024-11-29 03:30:00,-0.07,0.06
703,703,2024-11-29 04:30:00,-0.12,0.12
704,704,2024-11-29 05:30:00,-0.16,0.18
705,705,2024-11-29 06:30:00,-0.17,0.19
706,706,2024-11-29 07:30:00,-0.15,0.18
707,707,2024-11-29 08:30:00,-0.12,0.16
708,708,2024-11-29 09:30:00,-0.04,0.07
709,709,2024-11-29 10:30:00,0.06,-0.03
710,710,2024-11-29 11:30:00,0.17,-0.17
711,711,2024-11-29 12:30:00,0.25,-0.28
712,712,2024-11-29 13:30:00,0.3,-0.34
713,713,2024-11-29 14:30:00,0.33,-0.36
714,714,2024-11-29 15:30:00,0.33,-0.34
715,715,2024-11-29 16:30:00,0.3,-0.3
716,716,2024-11-29 17:30:00,0.28,-0.28
717,717,2024-11-29 18:30:00,0.23,-0.24
718,718,2024-11-29 19:30:00,0.21,-0.22
719,719,2024-11-29 20:30:00,0.17,-0.19
720,720,2024-11-29 21:30:00,0.15,-0.18
721,721,2024-11-29 22:30:00,0.13,-0.16
722,722,2024-11-29 23:30:00,0.1,-0.14
723,723,2024-11-30 00:30:00,0.07,-0.11
724,724,2024-11-30 01:30:00,0.03,-0.07
725,725,2024-11-30 02:30:00,-0.02,-0.01
726,726,2024-11-30 03:30:00,-0.08,0.06
727,727,2024-11-30 04:30:00,-0.13,0.13
728,728,2024-11-30 05:30:00,-0.17,0.19
729,729,2024-11-30 06:30:00,-0.19,0.22
730,730,2024-11-30 07:30:00,-0.19,0.22
731,731,2024-11-30 08:30:00,-0.16,0.2
732,732,2024-11-30 09:30:00,-0.09,0.13
733,733,2024-11-30 10:30:00,0.01,0.02
734,734,2024-11-30 11:30:00,0.13,-0.12
735,735,2024-11-30 12:30:00,0.24,-0.26
736,736,2024-11-30 13:30:00,0.32,-0.35
737,737,2024-11-30 14:30:00,0.36,-0.39
738,738,2024-11-30 15:30:00,0.38,-0.39
739,739,2024-11-30 16:30:00,0.36,-0.36
740,740,2024-11-30 17:30:00,0.33,-0.33
741,741,2024-11-30 18:30:00,0.29,-0.3
742,742,2024-11-30 19:30:00,0.25,-0.27
743,743,2024-11-30 20:30:00,0.2,-0.22
744,744,2024-11-30 21:30:00,0.17,-0.2
745,745,2024-11-30 22:30:00,0.14,-0.17
746,746,2024-11-30 23:30:00,0.12,-0.14
